name,category
notsmoking_0001.jpg,random
notsmoking_0002.jpg,random
notsmoking_0003.jpg,random
notsmoking_0004.jpg,random
notsmoking_0005.jpg,random
notsmoking_0006.jpg,random
notsmoking_0007.jpg,random
notsmoking_0008.jpg,random
notsmoking_0009.jpg,random
notsmoking_0010.jpg,random
notsmoking_0011.jpg,random
notsmoking_0012.jpg,random
notsmoking_0013.jpg,random
notsmoking_0014.jpg,random
notsmoking_0015.jpg,random
notsmoking_0016.jpg,random
notsmoking_0017.jpg,random
notsmoking_0018.jpg,random
notsmoking_0019.jpg,random
notsmoking_0020.jpg,random
notsmoking_0021.jpg,random
notsmoking_0022.jpg,random
notsmoking_0023.jpg,random
notsmoking_0024.jpg,random
notsmoking_0025.jpg,random
notsmoking_0026.jpg,random
notsmoking_0027.jpg,random
notsmoking_0028.jpg,random
notsmoking_0029.jpg,random
notsmoking_0030.jpg,random
notsmoking_0031.jpg,random
notsmoking_0032.jpg,random
notsmoking_0033.jpg,random
notsmoking_0034.jpg,random
notsmoking_0035.jpg,random
notsmoking_0036.jpg,random
notsmoking_0037.jpg,random
notsmoking_0038.jpg,random
notsmoking_0039.jpg,random
notsmoking_0040.jpg,random
notsmoking_0041.jpg,random
notsmoking_0042.jpg,random
notsmoking_0043.jpg,random
notsmoking_0044.jpg,random
notsmoking_0045.jpg,random
notsmoking_0046.jpg,random
notsmoking_0047.jpg,random
notsmoking_0048.jpg,random
notsmoking_0049.jpg,random
notsmoking_0050.jpg,random
notsmoking_0051.jpg,random
notsmoking_0052.jpg,random
notsmoking_0053.jpg,random
notsmoking_0054.jpg,random
notsmoking_0055.jpg,random
notsmoking_0056.jpg,random
notsmoking_0057.jpg,random
notsmoking_0058.jpg,random
notsmoking_0059.jpg,random
notsmoking_0060.jpg,random
notsmoking_0061.jpg,random
notsmoking_0062.jpg,random
notsmoking_0063.jpg,random
notsmoking_0064.jpg,random
notsmoking_0065.jpg,random
notsmoking_0066.jpg,random
notsmoking_0067.jpg,random
notsmoking_0068.jpg,random
notsmoking_0069.jpg,random
notsmoking_0070.jpg,random
notsmoking_0071.jpg,random
notsmoking_0072.jpg,random
notsmoking_0073.jpg,random
notsmoking_0074.jpg,random
notsmoking_0075.jpg,random
notsmoking_0076.jpg,random
notsmoking_0077.jpg,random
notsmoking_0078.jpg,random
notsmoking_0079.jpg,random
notsmoking_0080.jpg,random
notsmoking_0081.jpg,random
notsmoking_0082.jpg,random
notsmoking_0083.jpg,random
notsmoking_0084.jpg,random
notsmoking_0085.jpg,random
notsmoking_0086.jpg,random
notsmoking_0087.jpg,random
notsmoking_0088.jpg,random
notsmoking_0089.jpg,random
notsmoking_0090.jpg,random
notsmoking_0091.jpg,random
notsmoking_0092.jpg,random
notsmoking_0093.jpg,random
notsmoking_0094.jpg,random
notsmoking_0095.jpg,random
notsmoking_0096.jpg,random
notsmoking_0097.jpg,random
notsmoking_0098.jpg,random
notsmoking_0099.jpg,random
notsmoking_0100.jpg,random
notsmoking_0101.jpg,random
notsmoking_0102.jpg,random
notsmoking_0103.jpg,random
notsmoking_0104.jpg,random
notsmoking_0105.jpg,random
notsmoking_0106.jpg,random
notsmoking_0107.jpg,random
notsmoking_0108.jpg,random
notsmoking_0109.jpg,random
notsmoking_0110.jpg,random
notsmoking_0111.jpg,random
notsmoking_0112.jpg,random
notsmoking_0113.jpg,random
notsmoking_0114.jpg,random
notsmoking_0115.jpg,random
notsmoking_0116.jpg,random
notsmoking_0117.jpg,random
notsmoking_0118.jpg,random
notsmoking_0119.jpg,random
notsmoking_0120.jpg,random
notsmoking_0121.jpg,random
notsmoking_0122.jpg,random
notsmoking_0123.jpg,random
notsmoking_0124.jpg,random
notsmoking_0125.jpg,random
notsmoking_0126.jpg,random
notsmoking_0127.jpg,random
notsmoking_0128.jpg,random
notsmoking_0129.jpg,random
notsmoking_0130.jpg,random
notsmoking_0131.jpg,random
notsmoking_0132.jpg,random
notsmoking_0133.jpg,random
notsmoking_0134.jpg,random
notsmoking_0135.jpg,random
notsmoking_0136.jpg,random
notsmoking_0137.jpg,random
notsmoking_0138.jpg,random
notsmoking_0139.jpg,random
notsmoking_0140.jpg,random
notsmoking_0141.jpg,random
notsmoking_0142.jpg,random
notsmoking_0143.jpg,random
notsmoking_0144.jpg,random
notsmoking_0145.jpg,random
notsmoking_0146.jpg,random
notsmoking_0147.jpg,random
notsmoking_0148.jpg,random
notsmoking_0149.jpg,random
notsmoking_0150.jpg,random
notsmoking_0151.jpg,random
notsmoking_0152.jpg,random
notsmoking_0153.jpg,random
notsmoking_0154.jpg,random
notsmoking_0155.jpg,random
notsmoking_0156.jpg,random
notsmoking_0157.jpg,random
notsmoking_0158.jpg,random
notsmoking_0159.jpg,random
notsmoking_0160.jpg,random
notsmoking_0161.jpg,random
notsmoking_0162.jpg,random
notsmoking_0163.jpg,random
notsmoking_0164.jpg,random
notsmoking_0165.jpg,random
notsmoking_0166.jpg,random
notsmoking_0167.jpg,random
notsmoking_0168.jpg,random
notsmoking_0169.jpg,random
notsmoking_0170.jpg,random
notsmoking_0171.jpg,random
notsmoking_0172.jpg,random
notsmoking_0173.jpg,random
notsmoking_0174.jpg,random
notsmoking_0175.jpg,random
notsmoking_0176.jpg,random
notsmoking_0177.jpg,random
notsmoking_0178.jpg,random
notsmoking_0179.jpg,random
notsmoking_0180.jpg,random
notsmoking_0181.jpg,random
notsmoking_0182.jpg,random
notsmoking_0183.jpg,random
notsmoking_0184.jpg,random
notsmoking_0185.jpg,random
notsmoking_0186.jpg,random
notsmoking_0187.jpg,random
notsmoking_0188.jpg,random
notsmoking_0189.jpg,random
notsmoking_0190.jpg,random
notsmoking_0191.jpg,random
notsmoking_0192.jpg,random
notsmoking_0193.jpg,random
notsmoking_0194.jpg,random
notsmoking_0195.jpg,random
notsmoking_0196.jpg,random
notsmoking_0197.jpg,random
notsmoking_0198.jpg,random
notsmoking_0199.jpg,random
notsmoking_0200.jpg,random
notsmoking_0201.jpg,random
notsmoking_0202.jpg,random
notsmoking_0203.jpg,random
notsmoking_0204.jpg,random
notsmoking_0205.jpg,random
notsmoking_0206.jpg,random
notsmoking_0207.jpg,random
notsmoking_0208.jpg,random
notsmoking_0209.jpg,random
notsmoking_0210.jpg,random
notsmoking_0211.jpg,random
notsmoking_0212.jpg,random
notsmoking_0213.jpg,random
notsmoking_0214.jpg,random
notsmoking_0215.jpg,random
notsmoking_0216.jpg,random
notsmoking_0217.jpg,random
notsmoking_0218.jpg,random
notsmoking_0219.jpg,random
notsmoking_0220.jpg,random
notsmoking_0221.jpg,random
notsmoking_0222.jpg,random
notsmoking_0223.jpg,random
notsmoking_0224.jpg,random
notsmoking_0225.jpg,phone
notsmoking_0226.jpg,phone
notsmoking_0227.jpg,phone
notsmoking_0228.jpg,phone
notsmoking_0229.jpg,phone
notsmoking_0230.jpg,phone
notsmoking_0231.jpg,phone
notsmoking_0232.jpg,phone
notsmoking_0233.jpg,phone
notsmoking_0234.jpg,phone
notsmoking_0235.jpg,phone
notsmoking_0236.jpg,phone
notsmoking_0237.jpg,phone
notsmoking_0238.jpg,phone
notsmoking_0239.jpg,phone
notsmoking_0240.jpg,phone
notsmoking_0241.jpg,phone
notsmoking_0242.jpg,phone
notsmoking_0243.jpg,phone
notsmoking_0244.jpg,phone
notsmoking_0245.jpg,phone
notsmoking_0246.jpg,phone
notsmoking_0247.jpg,phone
notsmoking_0248.jpg,phone
notsmoking_0249.jpg,phone
notsmoking_0250.jpg,phone
notsmoking_0251.jpg,phone
notsmoking_0252.jpg,phone
notsmoking_0253.jpg,phone
notsmoking_0254.jpg,phone
notsmoking_0255.jpg,phone
notsmoking_0256.jpg,phone
notsmoking_0257.jpg,phone
notsmoking_0258.jpg,phone
notsmoking_0259.jpg,phone
notsmoking_0260.jpg,phone
notsmoking_0261.jpg,phone
notsmoking_0262.jpg,phone
notsmoking_0263.jpg,phone
notsmoking_0264.jpg,phone
notsmoking_0265.jpg,phone
notsmoking_0266.jpg,phone
notsmoking_0267.jpg,phone
notsmoking_0268.jpg,phone
notsmoking_0269.jpg,phone
notsmoking_0270.jpg,phone
notsmoking_0271.jpg,phone
notsmoking_0272.jpg,phone
notsmoking_0273.jpg,phone
notsmoking_0274.jpg,phone
notsmoking_0275.jpg,phone
notsmoking_0276.jpg,phone
notsmoking_0277.jpg,phone
notsmoking_0278.jpg,phone
notsmoking_0279.jpg,phone
notsmoking_0280.jpg,phone
notsmoking_0281.jpg,phone
notsmoking_0282.jpg,phone
notsmoking_0283.jpg,phone
notsmoking_0284.jpg,phone
notsmoking_0285.jpg,phone
notsmoking_0286.jpg,phone
notsmoking_0287.jpg,phone
notsmoking_0288.jpg,phone
notsmoking_0289.jpg,phone
notsmoking_0290.jpg,phone
notsmoking_0291.jpg,phone
notsmoking_0292.jpg,phone
notsmoking_0293.jpg,phone
notsmoking_0294.jpg,phone
notsmoking_0295.jpg,phone
notsmoking_0296.jpg,phone
notsmoking_0297.jpg,phone
notsmoking_0298.jpg,phone
notsmoking_0299.jpg,phone
notsmoking_0300.jpg,phone
notsmoking_0301.jpg,phone
notsmoking_0302.jpg,phone
notsmoking_0303.jpg,phone
notsmoking_0304.jpg,phone
notsmoking_0305.jpg,phone
notsmoking_0306.jpg,phone
notsmoking_0307.jpg,phone
notsmoking_0308.jpg,phone
notsmoking_0309.jpg,phone
notsmoking_0310.jpg,phone
notsmoking_0311.jpg,phone
notsmoking_0312.jpg,phone
notsmoking_0313.jpg,phone
notsmoking_0314.jpg,phone
notsmoking_0315.jpg,phone
notsmoking_0316.jpg,phone
notsmoking_0317.jpg,phone
notsmoking_0318.jpg,inhaler
notsmoking_0319.jpg,inhaler
notsmoking_0320.jpg,inhaler
notsmoking_0321.jpg,inhaler
notsmoking_0322.jpg,inhaler
notsmoking_0323.jpg,inhaler
notsmoking_0324.jpg,inhaler
notsmoking_0325.jpg,inhaler
notsmoking_0326.jpg,inhaler
notsmoking_0327.jpg,inhaler
notsmoking_0328.jpg,inhaler
notsmoking_0329.jpg,inhaler
notsmoking_0330.jpg,inhaler
notsmoking_0331.jpg,inhaler
notsmoking_0332.jpg,inhaler
notsmoking_0333.jpg,inhaler
notsmoking_0334.jpg,inhaler
notsmoking_0335.jpg,inhaler
notsmoking_0336.jpg,inhaler
notsmoking_0337.jpg,water
notsmoking_0338.jpg,water
notsmoking_0339.jpg,water
notsmoking_0340.jpg,water
notsmoking_0341.jpg,water
notsmoking_0342.jpg,water
notsmoking_0343.jpg,water
notsmoking_0344.jpg,water
notsmoking_0345.jpg,water
notsmoking_0346.jpg,water
notsmoking_0347.jpg,water
notsmoking_0348.jpg,water
notsmoking_0349.jpg,water
notsmoking_0350.jpg,water
notsmoking_0351.jpg,water
notsmoking_0352.jpg,water
notsmoking_0353.jpg,water
notsmoking_0354.jpg,water
notsmoking_0355.jpg,water
notsmoking_0356.jpg,water
notsmoking_0357.jpg,water
notsmoking_0358.jpg,water
notsmoking_0359.jpg,water
notsmoking_0360.jpg,water
notsmoking_0361.jpg,water
notsmoking_0362.jpg,water
notsmoking_0363.jpg,water
notsmoking_0364.jpg,water
notsmoking_0365.jpg,water
notsmoking_0366.jpg,water
notsmoking_0367.jpg,water
notsmoking_0368.jpg,water
notsmoking_0369.jpg,water
notsmoking_0370.jpg,water
notsmoking_0371.jpg,water
notsmoking_0372.jpg,water
notsmoking_0373.jpg,water
notsmoking_0374.jpg,water
notsmoking_0375.jpg,water
notsmoking_0376.jpg,water
notsmoking_0377.jpg,water
notsmoking_0378.jpg,water
notsmoking_0379.jpg,water
notsmoking_0380.jpg,water
notsmoking_0381.jpg,water
notsmoking_0382.jpg,water
notsmoking_0383.jpg,water
notsmoking_0384.jpg,water
notsmoking_0385.jpg,water
notsmoking_0386.jpg,water
notsmoking_0387.jpg,water
notsmoking_0388.jpg,water
notsmoking_0389.jpg,water
notsmoking_0390.jpg,water
notsmoking_0391.jpg,water
notsmoking_0392.jpg,water
notsmoking_0393.jpg,water
notsmoking_0394.jpg,water
notsmoking_0395.jpg,water
notsmoking_0396.jpg,cough
notsmoking_0397.jpg,cough
notsmoking_0398.jpg,cough
notsmoking_0399.jpg,cough
notsmoking_0400.jpg,cough
notsmoking_0401.jpg,cough
notsmoking_0402.jpg,cough
notsmoking_0403.jpg,cough
notsmoking_0404.jpg,cough
notsmoking_0405.jpg,cough
notsmoking_0406.jpg,cough
notsmoking_0407.jpg,cough
notsmoking_0408.jpg,cough
notsmoking_0409.jpg,cough
notsmoking_0410.jpg,cough
notsmoking_0411.jpg,cough
notsmoking_0412.jpg,cough
notsmoking_0413.jpg,cough
notsmoking_0414.jpg,cough
notsmoking_0415.jpg,cough
notsmoking_0416.jpg,cough
notsmoking_0417.jpg,cough
notsmoking_0418.jpg,cough
notsmoking_0419.jpg,cough
notsmoking_0420.jpg,cough
notsmoking_0421.jpg,cough
notsmoking_0422.jpg,cough
notsmoking_0423.jpg,cough
notsmoking_0424.jpg,cough
notsmoking_0425.jpg,cough
notsmoking_0426.jpg,cough
notsmoking_0427.jpg,cough
notsmoking_0428.jpg,cough
notsmoking_0429.jpg,cough
notsmoking_0430.jpg,cough
notsmoking_0431.jpg,cough
notsmoking_0432.jpg,cough
notsmoking_0433.jpg,cough
notsmoking_0434.jpg,cough
notsmoking_0435.jpg,cough
notsmoking_0436.jpg,cough
notsmoking_0437.jpg,cough
notsmoking_0438.jpg,cough
notsmoking_0439.jpg,cough
notsmoking_0440.jpg,cough
notsmoking_0441.jpg,cough
notsmoking_0442.jpg,cough
notsmoking_0443.jpg,cough
notsmoking_0444.jpg,cough
notsmoking_0445.jpg,cough
notsmoking_0446.jpg,cough
notsmoking_0447.jpg,cough
notsmoking_0448.jpg,cough
notsmoking_0449.jpg,cough
notsmoking_0450.jpg,cough
notsmoking_0451.jpg,cough
notsmoking_0452.jpg,cough
notsmoking_0453.jpg,cough
notsmoking_0454.jpg,cough
notsmoking_0455.jpg,cough
notsmoking_0456.jpg,cough
notsmoking_0457.jpg,cough
notsmoking_0458.jpg,cough
notsmoking_0459.jpg,cough
notsmoking_0460.jpg,cough
notsmoking_0461.jpg,cough
notsmoking_0462.jpg,cough
notsmoking_0463.jpg,cough
notsmoking_0464.jpg,cough
notsmoking_0465.jpg,cough
notsmoking_0466.jpg,cough
notsmoking_0467.jpg,cough
notsmoking_0468.jpg,cough
notsmoking_0469.jpg,cough
notsmoking_0470.jpg,cough
notsmoking_0471.jpg,cough
notsmoking_0472.jpg,cough
notsmoking_0473.jpg,cough
notsmoking_0474.jpg,cough
notsmoking_0475.jpg,random
notsmoking_0476.jpg,random
notsmoking_0477.jpg,random
notsmoking_0478.jpg,random
notsmoking_0479.jpg,random
notsmoking_0480.jpg,random
notsmoking_0481.jpg,random
notsmoking_0482.jpg,random
notsmoking_0483.jpg,random
notsmoking_0484.jpg,random
notsmoking_0485.jpg,random
notsmoking_0486.jpg,random
notsmoking_0487.jpg,random
notsmoking_0488.jpg,random
notsmoking_0489.jpg,random
notsmoking_0490.jpg,random
notsmoking_0491.jpg,random
notsmoking_0492.jpg,random
notsmoking_0493.jpg,random
notsmoking_0494.jpg,random
notsmoking_0495.jpg,random
notsmoking_0496.jpg,random
notsmoking_0497.jpg,random
notsmoking_0498.jpg,random
notsmoking_0499.jpg,random
notsmoking_0500.jpg,random
notsmoking_0501.jpg,random
notsmoking_0502.jpg,random
notsmoking_0503.jpg,random
notsmoking_0504.jpg,random
notsmoking_0505.jpg,random
notsmoking_0506.jpg,random
notsmoking_0507.jpg,random
notsmoking_0508.jpg,random
notsmoking_0509.jpg,random
notsmoking_0510.jpg,random
notsmoking_0511.jpg,random
notsmoking_0512.jpg,random
notsmoking_0513.jpg,random
notsmoking_0514.jpg,random
notsmoking_0515.jpg,random
notsmoking_0516.jpg,random
notsmoking_0517.jpg,random
notsmoking_0518.jpg,random
notsmoking_0519.jpg,random
notsmoking_0520.jpg,random
notsmoking_0521.jpg,random
notsmoking_0522.jpg,random
notsmoking_0523.jpg,random
notsmoking_0524.jpg,random
notsmoking_0525.jpg,random
notsmoking_0526.jpg,random
notsmoking_0527.jpg,random
notsmoking_0528.jpg,random
notsmoking_0529.jpg,random
notsmoking_0530.jpg,random
notsmoking_0531.jpg,random
notsmoking_0532.jpg,random
notsmoking_0533.jpg,random
notsmoking_0534.jpg,random
notsmoking_0535.jpg,random
notsmoking_0536.jpg,random
notsmoking_0537.jpg,random
notsmoking_0538.jpg,random
notsmoking_0539.jpg,random
notsmoking_0540.jpg,random
notsmoking_0541.jpg,random
notsmoking_0542.jpg,random
notsmoking_0543.jpg,random
notsmoking_0544.jpg,random
notsmoking_0545.jpg,random
notsmoking_0546.jpg,random
notsmoking_0547.jpg,random
notsmoking_0548.jpg,random
notsmoking_0549.jpg,random
notsmoking_0550.jpg,random
notsmoking_0551.jpg,random
notsmoking_0552.jpg,random
notsmoking_0553.jpg,random
notsmoking_0554.jpg,random
notsmoking_0555.jpg,random
notsmoking_0556.jpg,random
notsmoking_0557.jpg,random
notsmoking_0558.jpg,random
notsmoking_0559.jpg,random
notsmoking_0560.jpg,random
